id,filename,reel_url,author_username,published_at,views_count,likes_count,comments_count,description
370,"370_med_yu_med_2025-05-20.mp4","https://www.instagram.com/p/DJ4FcdDMBKz/","med_yu_med","Tue May 20 2025 20:04:32 GMT+0700 (Indochina Time)",3365,37,1,"‚è©Ô∏è–û—Ç–≤–µ—á–∞–µ–º –Ω–∞ –æ–¥–∏–Ω –∏–∑ —Å–∞–º—ã—Ö –ø–æ–ø—É–ª—è—Ä–Ω—ã—Ö –≤–æ–ø—Ä–æ—Å–æ–≤ –ø—Ä–æ BBL –∏ —Ä–∞–∑–±–∏—Ä–∞–µ–º—Å—è –≤ –Ω—é–∞–Ω—Å–∞—Ö –ø—Ä–æ–≤–µ–¥–µ–Ω–∏—è –ø—Ä–æ—Ü–µ–¥—É—Ä—ã, –≤ –ø–µ—Ä–∏–æ–¥ –∞–∫—Ç–∏–≤–Ω–æ–≥–æ —Å–æ–ª–Ω—Ü–∞, –≤–º–µ—Å—Ç–µ —Å –≤—Ä–∞—á–æ–º MED YU MED ‚Äî –Æ–ª–∏–µ–π –í–∞–ª–µ—Ä—å–µ–≤–Ω–æ–π‚ò∫Ô∏è

–°—Ç–æ–∏—Ç —Ç–∞–∫–∂–µ –Ω–∞–ø–æ–º–Ω–∏—Ç—å, —á—Ç–æ —Ñ–æ—Ç–æ—Ç–µ—Ä–∞–ø–∏—è BBL ‚Äî –ª—É—á—à–∏–π —Å–ø–æ—Å–æ–± –¥–ª—è —É—Å—Ç—Ä–∞–Ω–µ–Ω–∏—è –ø—Ä–∞–∫—Ç–∏—á–µ—Å–∫–∏ –ª—é–±—ã—Ö –Ω–µ—Å–æ–≤–µ—Ä—à–µ–Ω—Å—Ç–≤: –ø–∏–≥–º–µ–Ω—Ç–∞—Ü–∏—è, –∞–∫–Ω–µ –∏ –ø–æ—Å—Ç–∞–∫–Ω–µ, –∫—É–ø–µ—Ä–æ–∑ –∏ —Å–æ—Å—É–¥–∏—Å—Ç–∞—è —Å–µ—Ç–∫–∞, —Ä–∞—Å—à–∏—Ä–µ–Ω–Ω—ã–µ –ø–æ—Ä—ã.

–í —Ä–µ–∑—É–ª—å—Ç–∞—Ç–µ –∫–æ–∂–∞ –ø—Ä–∏–æ–±—Ä–µ—Ç–∞–µ—Ç –∏–¥–µ–∞–ª—å–Ω—ã–π —Ç–æ–Ω, —Å—Ç–∞–Ω–æ–≤–∏—Ç—Å—è –±–æ–ª–µ–µ —É–ø—Ä—É–≥–æ–π, –≥–ª–∞–¥–∫–æ–π –∏ —Å–∏—è—é—â–∏–π!‚ú®

#bbl #—Ñ–æ—Ç–æ–ª–µ—á–µ–Ω–∏–µ #glowskin #–±—å—é—Ç–∏—Å–æ–≤–µ—Ç—ã #–∫–æ—Å–º–µ—Ç–æ–ª–æ–≥–∏—è–º–æ—Å–∫–≤–∞ #–ø–∏–≥–º–µ–Ω—Ç–∞—Ü–∏—è"
345,"345_clinicajoelleofficial_2025-05-20.mp4","https://www.instagram.com/p/DJ3_8VDyBSf/","clinicajoelleofficial","Tue May 20 2025 19:17:57 GMT+0700 (Indochina Time)",5854,31,2,"Fresh lift üòç
Face enhancement 

With our Amazing Dr.Yousra 
üìçAbu Dhabi
üìû0097126666988

#beauty #dermatology #botox #filler #fillers #lift #glowingskin #healthy #healthyskin #skinrejuvenation #skin #skingoals #skintreatment"
362,"362_lips_for_kiss_2025-05-20.mp4","https://www.instagram.com/p/DJ3wz2uTi3B/","lips_for_kiss","Tue May 20 2025 17:03:55 GMT+0700 (Indochina Time)",63170,1178,32,"–ò –∫–∞–∫ –ø–æ–Ω—è—Ç—å, —á—Ç–æ –≤—ã –≤ –Ω–∞–¥—ë–∂–Ω—ã—Ö —Ä—É–∫–∞—Ö ?‚úÖ

‚Äì –í—Ä–∞—á-–ö–æ—Å–º–µ—Ç–æ–ª–æ–≥ –≤—Å—ë —á–µ—Å—Ç–Ω–æ —Ä–∞—Å—Å–∫–∞–∂–µ—Ç –∏ –ø—Ä–æ —ç—Ñ—Ñ–µ–∫—Ç, –∏ –ø—Ä–æ —Ä–∏—Å–∫–∏
‚Äì –ù–µ –±—É–¥–µ—Ç —É–≥–æ–≤–∞—Ä–∏–≤–∞—Ç—å, –µ—Å–ª–∏ –ø—Ä–æ—Ü–µ–¥—É—Ä–∞ –Ω–µ –¥–ª—è –≤–∞—Å
‚Äì –ù–µ –æ–±–µ—â–∞–µ—Ç —á—É–¥–µ—Å ,  —Ç–æ–ª—å–∫–æ —Ä–µ–∞–ª—å–Ω—ã–µ —Ä–µ–∑—É–ª—å—Ç–∞—Ç—ã
‚Äì –ü–æ–∫–∞–∂–µ—Ç –Ω–µ —Ç–æ–ª—å–∫–æ —Ñ–æ—Ç–æ —Ä–∞–±–æ—Ç , –Ω–æ –∏ –≤–∏–¥–µ–æ —Å —Ä–µ–∑—É–ª—å—Ç–∞—Ç–∞–º–∏
‚Äì –ü—Ä–µ–¥–ª–æ–∂–∏—Ç –∞–ª—å—Ç–µ—Ä–Ω–∞—Ç–∏–≤—ã , –Ω–µ –Ω–∞–≤—è–∑—ã–≤–∞–µ—Ç –æ–¥–Ω–æ —Ä–µ—à–µ–Ω–∏–µ
‚Äì –í—Ä–∞—á-–∫—Ä—Å–º–µ—Ç–æ–ª–æ–≥ –¥–æ–ª–∂–µ–Ω –∏–º–µ—Ç—å –≤—ã—Å—à–µ–µ –º–µ–¥.–æ–±—Ä–∞–∑–æ–≤–∞–Ω–∏–µ –∏ —Å–æ–æ—Ç–≤–µ—Ç—Å—Ç–≤—É—é—â–∏–µ –¥–æ–∫—É–º–µ–Ω—Ç—ã, —Ä–∞–±–æ—Ç–∞—Ç—å –ø–æ –ø—Ä–æ—Ç–æ–∫–æ–ª–∞–º —Å–µ—Ä—Ç–∏—Ñ–∏—Ü–∏—Ä–æ–≤–∞–Ω–Ω—ã–º–∏ –ø—Ä–µ–ø–∞—Ä–∞—Ç–∞–º–∏"
366,"366_med_yu_med_2025-05-19.mp4","https://www.instagram.com/p/DJ2FGEBMR-N/","med_yu_med","Tue May 20 2025 01:22:25 GMT+0700 (Indochina Time)",16135,777,1,"–ê–ª–ª–æ? MED YU MED –≤—ã–∑—ã–≤–∞–ª–∏?üòéü§ô
–ò–ª–∏ –µ—Å–ª–∏ –±—ã MYM –±—ã–ª –≤ –º–∏—Ä–µ –∫–æ—Ç–∏–∫–æ–≤üòº

–ê –µ—Å–ª–∏ —Å–µ—Ä—å—ë–∑–Ω–æ –∏ –ø–æ –¥–µ–ª—É, —Ç–æ MED YU MED ‚Äî —ç—Ç–æ –Ω–µ –ø—Ä–æ—Å—Ç–æ –∫–æ—Å–º–µ—Ç–æ–ª–æ–≥–∏—è, —ç—Ç–æ:

‚ñ™Ô∏è 3 —Ñ–∏–ª–∏–∞–ª–∞ —Å –ø–µ—Ä–≤–æ–∫–ª–∞—Å—Å–Ω—ã–º —Å–µ—Ä–≤–∏—Å–æ–º –≤ —Ç–æ–ø–æ–≤—ã—Ö –∏ —Å—Ç–∏–ª—å–Ω—ã—Ö –ª–æ–∫–∞—Ü–∏—è—Ö –ú–æ—Å–∫–≤—ã –∏ –î—É–±–∞–π
‚ñ™Ô∏è –ë–æ–ª–µ–µ 90 000 –¥–æ–≤–æ–ª—å–Ω—ã—Ö –ø–∞—Ü–∏–µ–Ω—Ç–æ–≤
‚ñ™Ô∏è 50+ –≤—Ä–∞—á–µ–π-—ç–∫—Å–ø–µ—Ä—Ç–æ–≤ –≤ –≤–æ–ø—Ä–æ—Å–∞—Ö —ç—Å—Ç–µ—Ç–∏—á–µ—Å–∫–æ–π –º–µ–¥–∏—Ü–∏–Ω—ã —Å–æ —Å—Ä–µ–¥–Ω–∏–º —Å—Ç–∞–∂–µ–º –±–æ–ª–µ–µ 6 –ª–µ—Ç
‚ñ™Ô∏è 30+ —Å–æ–≤—Ä–µ–º–µ–Ω–Ω—ã—Ö –∫–æ—Å–º–µ—Ç–æ–ª–æ–≥–∏—á–µ—Å–∫–∏—Ö –º–∞—à–∏–Ω –ø—Ä–µ–º–∏—É–º-–∫–ª–∞—Å—Å–∞
‚ñ™Ô∏è–ò–Ω–¥–∏–≤–∏–¥—É–∞–ª—å–Ω—ã–π –ø–æ–¥—Ö–æ–¥ –∏ –≤—ã—Å–æ—á–∞–π—à–∏–π —É—Ä–æ–≤–µ–Ω—å —Å–µ—Ä–≤–∏—Å–∞, –∫–æ—Ç–æ—Ä—ã–π –ø–æ–∑–≤–æ–ª—è–µ—Ç —á—É–≤—Å—Ç–≤–æ–≤–∞—Ç—å —Å–µ–±—è –∫–æ–º—Ñ–æ—Ä—Ç–Ω–æ –≤–æ –≤—Ä–µ–º—è –∫–∞–∂–¥–æ–≥–æ –≤–∏–∑–∏—Ç–∞ 

–õ–∏—Ü–æ –∏ —Ç–µ–ª–æ ‚Äî —ç—Ç–æ –≤–∞—à –ª–∏—á–Ω—ã–π –±—Ä–µ–Ω–¥, –∏ –º—ã –ø–æ–º–æ–∂–µ–º —Å–¥–µ–ª–∞—Ç—å –µ–≥–æ –±–µ–∑—É–ø—Ä–µ—á–Ω—ã–ºüëåüèª
_________________________________

Hello? MED YU MED called?üòéü§ôüèª
Or if MYM was in the cat worldüòº

And seriously and to the point, MED YU MED is not just cosmetology, it is:

‚ñ™Ô∏è3 branches with first-class service in TOP and stylish locations in Moscow and Dubai
‚ñ™Ô∏èMore than 90 000 satisfied patients
‚ñ™Ô∏è50+ expert doctors in aesthetic medicine with an average experience of more than 6 years
‚ñ™Ô∏è30+ modern premium-class cosmetology machines
‚ñ™Ô∏èPersonalized approach and the highest level of service that makes you feel comfortable during every visit.

Face and body is your personal brand and we will help you make it flawlessüëåüèª

#–∫–æ—Å–º–µ—Ç–æ–ª–æ–≥–∏—è–º–æ—Å–∫–≤–∞ #–∫–ª–∏–Ω–∏–∫–∞–∫–æ—Å–º–µ—Ç–æ–ª–æ–≥–∏–∏ #cosmetologydubai #beautycare #topproducers #catsworld"
371,"371_med_yu_med_2025-05-19.mp4","https://www.instagram.com/p/DJ1pjl4MjJz/","med_yu_med","Mon May 19 2025 21:21:52 GMT+0700 (Indochina Time)",22965,151,67,"–°—Ç—Ä–æ–π–Ω–æ–µ –∏ —É–ø—Ä—É–≥–æ–µ —Ç–µ–ª–æ –±–µ–∑ –æ–ø–µ—Ä–∞—Ü–∏–πüòª

Endolift ‚Äî —ç—Ç–æ –∏–Ω–Ω–æ–≤–∞—Ü–∏–æ–Ω–Ω–∞—è –ª–∞–∑–µ—Ä–Ω–∞—è –ø—Ä–æ—Ü–µ–¥—É—Ä–∞, –∫–æ—Ç–æ—Ä–∞—è —Å—Ç–∏–º—É–ª–∏—Ä—É–µ—Ç –≤—ã—Ä–∞–±–æ—Ç–∫—É –∫–æ–ª–ª–∞–≥–µ–Ω–∞, –ø–æ–¥—Ç—è–≥–∏–≤–∞–µ—Ç –∫–æ–∂—É –∏ —É–º–µ–Ω—å—à–∞–µ—Ç –æ–±—ä–µ–º—ã –≤ –ø—Ä–æ–±–ª–µ–º–Ω—ã—Ö –∑–æ–Ω–∞—Ö. 

‚úîÔ∏è —Ä–∞–±–æ—Ç–∞–µ—Ç –∏ –ø–æ –ª–∏—Ü—É –∏ –ø–æ —Ç–µ–ª—É ‚Äî –∂–∏–≤–æ—Ç, –±–æ–∫–∞, –±—ë–¥—Ä–∞, —Ä—É–∫–∏
‚úîÔ∏è –±–µ–∑ —Ä–∞–∑—Ä–µ–∑–æ–≤ –∏ –¥–ª–∏—Ç–µ–ª—å–Ω—ã–π —Ä–µ–∞–±–∏–ª–∏—Ç–∞—Ü–∏–∏ ‚Äî —Å—Ä–∞–∑—É –ø–æ—Å–ª–µ —Å–µ–∞–Ω—Å–∞ –º–æ–∂–Ω–æ –≤–µ—Ä–Ω—É—Ç—å—Å—è –∫ –ø—Ä–∏–≤—ã—á–Ω—ã–º –¥–µ–ª–∞–º
‚úîÔ∏è –≤–∏–¥–∏–º—ã–π —Ä–µ–∑—É–ª—å—Ç–∞—Ç ‚Äî –∫–æ–∂–∞ —Å—Ç–∞–Ω–æ–≤–∏—Ç—Å—è –ø–ª–æ—Ç–Ω–µ–µ, –∫–æ–Ω—Ç—É—Ä—ã ‚Äî —á–µ—Ç—á–µ —Å—Ä–∞–∑—É –ø–æ—Å–ª–µ –ø—Ä–æ—Ü–µ–¥—É—Ä—ã, –∞ —Å–æ –≤—Ä–µ–º–µ–Ω–µ–º —Ç–æ–ª—å–∫–æ —É—Å–∏–ª–∏–≤–∞—é—Ç—Å—èüî•
‚úîÔ∏è –º–∏–Ω–∏–º–∞–ª—å–Ω—ã–π –¥–∏—Å–∫–æ–º—Ñ–æ—Ä—Ç ‚Äî –ø—Ä–æ—Ü–µ–¥—É—Ä–∞ –ø—Ä–æ–≤–æ–¥–∏—Ç—Å—è –ø–æ–¥ –º–µ—Å—Ç–Ω–æ–π –∞–Ω–µ—Å—Ç–µ–∑–∏–µ–π.

–•–æ—Ç–∏—Ç–µ —É–∑–Ω–∞—Ç—å, –ø–æ–¥–æ–π–¥–µ—Ç –ª–∏ –≤–∞–º Endolift?üì≤–û—Å—Ç–∞–≤–ª—è–π—Ç–µ –∫–æ–º–º–µ–Ω—Ç–∞—Ä–∏–π ‚Äî –º—ã –∑–∞–ø–∏—à–µ–º –≤–∞—Å –Ω–∞ –∫–æ–Ω—Å—É–ª—å—Ç–∞—Ü–∏—é –∏ –Ω–∞–ø—Ä–∞–≤–∏–º –ø—Ä–∞–π—Å 

#endolift #–ø–æ–¥—Ç—è–∂–∫–∞ #–ø–æ—Ö—É–¥–µ–Ω–∏–µ #–∫–æ—Å–º–µ—Ç–æ–ª–æ–≥–∏—è–º–æ—Å–∫–≤–∞"
